week,Subgroup,dtd_u,fi_u,prod_u,so_u,dtd_w,fi_w,prod_w,so_w,mpu_est_tons_per_unit
2022-12-27,AT,3024.0,2690.0,3000.0,3712.0,75.6,67.25,75.0,92.8,0.024999999999999998
2022-12-27,ATN,6059.08,6545.0,8200.0,12629.0,145.41792,157.07999999999998,196.8,303.096,0.024
2022-12-27,ATPA,0.0,0.0,0.0,0.0,0.0,0.0,0.0,0.0,
2022-12-27,ATPPCH,0.0,0.0,0.0,0.0,0.0,0.0,0.0,0.0,
2022-12-27,ATWWP,0.0,0.0,0.0,194.0,0.0,0.0,0.0,4.656,0.024
2022-12-27,EEA,0.0,0.0,0.0,0.0,0.0,0.0,0.0,0.0,0.0048
2022-12-27,MAC,0.0,0.0,25.0,0.0,0.0,0.0,0.6,0.0,0.024
2022-12-27,MAHS,0.0,43.0,48.0,25.0,0.0,1.075,1.2,0.625,0.025
2022-12-27,MAP,0.0,0.0,0.0,0.0,0.0,0.0,0.0,0.0,0.024
2022-12-27,MAPA,0.0,0.0,0.0,0.0,0.0,0.0,0.0,0.0,
2022-12-27,MAR,1434.0,1005.0,500.0,3380.0,34.416000000000004,24.119999999999997,12.0,81.11999999999999,0.024
2022-12-27,MASR,249.0,70.0,100.0,117.0,6.225,1.75,2.5,2.925,0.024999999999999998
2022-12-27,POP,1911.000989010989,1793.0,2966.0,4698.0,22.023838,20.66246,34.03218,54.425279999999994,0.011710853313709932
2022-12-27,POPF,307.9999999999999,402.0,314.0,992.9999999999999,3.363359999999999,4.3898399999999995,3.4288800000000004,10.843559999999998,0.010920000000000001
2022-12-27,POV,3790.0,3628.0,2272.0,6475.0,44.8721,40.39308,27.59666,79.60862,0.012466919805827077
2022-12-27,SE,1195.2289583333334,2014.0,1300.0,2443.0,7.105099,11.7888,7.8,14.257200000000001,0.005905239895449729
2022-12-27,SO,0.0,0.0,0.0,0.0,0.0,0.0,0.0,0.0,0.01602519095869057
2022-12-27,SOP,83.0,70.0,0.0,260.0,0.91632,0.7728000000000002,0.0,2.8704,0.011040000000000001
2022-12-27,SOS,47560.0,31994.634,34583.0,113269.0,665.79664,448.69835936000004,499.88384,1587.9328800000003,0.014351356390307051
2023-01-03,AT,12931.34,13576.0,11500.0,12354.8,323.2835,339.4,287.5,308.87,0.024999999999999998
2023-01-03,ATN,32727.874,30809.0,24905.0,36380.291,785.468976,739.4159999999999,597.72,873.126984,0.024
2023-01-03,ATPA,0.0,0.0,0.0,0.0,0.0,0.0,0.0,0.0,
2023-01-03,ATPPCH,0.0,0.0,0.0,0.0,0.0,0.0,0.0,0.0,
2023-01-03,ATWWP,349.166,1774.0,2856.0,394.0,8.379984,42.576,68.544,9.456,0.024
2023-01-03,EEA,0.0,0.0,0.0,0.0,0.0,0.0,0.0,0.0,0.0048
2023-01-03,MAC,25.0,29.0,4.0,37.0,0.6,0.696,0.096,0.888,0.024
2023-01-03,MAHS,97.0,61.0,56.0,279.0,2.425,1.525,1.4,6.975,0.025
2023-01-03,MAP,0.0,0.0,0.0,0.0,0.0,0.0,0.0,0.0,0.024
2023-01-03,MAPA,0.0,0.0,0.0,0.0,0.0,0.0,0.0,0.0,
2023-01-03,MAR,7683.3330000000005,8183.0,7657.0,8012.875,184.399992,196.392,183.768,192.309,0.024
2023-01-03,MASR,375.0,424.0,264.0,1067.0,9.375,10.6,6.6,26.675,0.024999999999999998
2023-01-03,POP,8460.997008547009,8163.0,8938.0,13176.0,96.17603100000001,93.63718,101.5378,148.37186000000003,0.011710853313709932
2023-01-03,POPF,1129.0,1014.0,314.0,1864.0,12.328680000000002,11.07288,3.42888,20.354879999999998,0.010920000000000001
2023-01-03,POV,12910.0,12500.0,12540.0,14019.0,159.48478,133.72086,151.74068,173.08017999999998,0.012466919805827077
2023-01-03,SE,4385.1669999999995,3656.0,3312.0,6793.6669999999995,25.492602,21.3768,19.3176,40.118802,0.005905239895449729
2023-01-03,SO,0.0,0.0,0.0,0.0,0.0,0.0,0.0,0.0,0.01602519095869057
2023-01-03,SOP,616.2490942028984,524.0,510.0,591.4170289855072,6.803389999999999,5.78496,5.630400000000001,6.529243999999999,0.011040000000000001
2023-01-03,SOS,227949.2608695652,219708.5,213820.0,225662.5480072463,3267.9256379999997,3159.7289600000004,3049.35288,3216.6860369999995,0.014351356390307051
2023-01-10,AT,11084.0,11761.0,11200.0,11160.6,277.1,294.025,280.0,279.015,0.024999999999999998
2023-01-10,ATN,38459.417,39308.0,40450.0,38345.458,923.026008,943.392,970.8,920.290992,0.024
2023-01-10,ATPA,0.0,0.0,0.0,0.0,0.0,0.0,0.0,0.0,
2023-01-10,ATPPCH,0.0,0.0,0.0,0.0,0.0,0.0,0.0,0.0,
2023-01-10,ATWWP,1105.5,469.0,0.0,668.875,26.532,11.256,0.0,16.053,0.024
2023-01-10,EEA,0.0,0.0,0.0,0.0,0.0,0.0,0.0,0.0,0.0048
2023-01-10,MAC,24.0,20.0,33.0,0.0,0.576,0.48,0.792,0.0,0.024
2023-01-10,MAHS,266.0,267.0,418.0,264.0,6.65,6.675000000000001,10.45,6.6,0.025
2023-01-10,MAP,0.0,0.0,0.0,100.0,0.0,0.0,0.0,2.4,0.024
2023-01-10,MAPA,0.0,0.0,0.0,0.0,0.0,0.0,0.0,0.0,
2023-01-10,MAR,6843.166,6425.0,7395.0,6449.1669999999995,164.235984,154.20000000000002,177.48,154.780008,0.024
2023-01-10,MASR,861.0,1118.0,1313.0,1775.0,21.525,27.95,32.825,44.375,0.024999999999999998
2023-01-10,POP,11060.002002442003,11115.0,10847.0,8454.0,125.545451,125.98222,122.71168,97.04422,0.011710853313709932
2023-01-10,POPF,778.0,757.0,1408.0,1350.0,8.49576,8.26644,15.37536,14.742,0.010920000000000001
2023-01-10,POV,12507.0,14085.0,12406.0,12752.0,153.19304,148.76862,153.62984,154.76552,0.012466919805827077
2023-01-10,SE,5608.438041666666,7525.0,8251.0,4860.6669999999995,33.019703,44.431200000000004,48.788399999999996,28.796802,0.005905239895449729
2023-01-10,SO,0.0,0.0,0.0,0.0,0.0,0.0,0.0,0.0,0.01602519095869057
2023-01-10,SOP,329.0,580.0,512.0,494.9160326086957,3.6321600000000003,6.4032,5.652480000000001,5.463873,0.011040000000000001
2023-01-10,SOS,191457.4679347826,225690.0,225383.0,181993.77493961347,2681.32676,3171.45528,3141.60128,2560.886202,0.014351356390307051
2023-01-17,AT,9368.0,8925.0,10000.0,7688.0,234.2,223.125,250.0,192.2,0.024999999999999998
2023-01-17,ATN,29836.25,28854.0,31000.0,27715.959,716.07,692.496,744.0,665.183016,0.024
2023-01-17,ATPA,0.0,0.0,0.0,0.0,0.0,0.0,0.0,0.0,
2023-01-17,ATPPCH,0.0,0.0,0.0,0.0,0.0,0.0,0.0,0.0,
2023-01-17,ATWWP,517.042,307.0,0.0,485.04200000000003,12.409008,7.368,0.0,11.641008,0.024
2023-01-17,EEA,0.0,0.0,0.0,0.0,0.0,0.0,0.0,0.0,0.0048
2023-01-17,MAC,38.0,38.0,25.0,90.0,0.9119999999999999,0.912,0.6,2.16,0.024
2023-01-17,MAHS,237.0,299.0,185.0,185.0,5.925,7.475,4.625,4.625,0.025
2023-01-17,MAP,100.0,100.0,100.0,0.0,2.4,2.4,2.4,0.0,0.024
2023-01-17,MAPA,0.0,0.0,0.0,0.0,0.0,0.0,0.0,0.0,
2023-01-17,MAR,4987.209,5755.0,5068.0,5222.959,119.693016,138.12,121.632,125.351016,0.024
2023-01-17,MASR,720.0,781.0,543.0,587.0,18.0,19.525,13.575,14.675,0.024999999999999998
2023-01-17,POP,9919.001007326007,10171.0,9929.0,8752.0,115.422591,117.36452,114.31966,102.05286,0.011710853313709932
2023-01-17,POPF,1977.0,2288.0,2818.0,1135.0,21.58884,24.98496,30.77256,12.394200000000001,0.010920000000000001
2023-01-17,POV,15534.0,15408.0,15921.0,14890.0,189.16716,166.5573,190.47938,182.091,0.012466919805827077
2023-01-17,SE,8146.622916666667,7552.0,8756.0,4700.8330000000005,48.219488,44.650800000000004,51.7488,27.652998,0.005905239895449729
2023-01-17,SO,0.0,0.0,0.0,15.0,0.0,0.0,0.0,0.2484,0.01602519095869057
2023-01-17,SOP,689.9170289855072,805.0,607.0,1245.0,7.616683999999999,8.8872,6.701280000000001,13.7448,0.011040000000000001
2023-01-17,SOS,181551.57192028986,182494.49,173737.0,173203.85292874396,2555.216115,2562.6230528,2442.6956800000003,2441.929203,0.014351356390307051
2023-01-24,AT,5937.0,6290.0,5200.0,5350.0,148.425,157.25,130.0,133.75,0.024999999999999998
2023-01-24,ATN,25007.0,24482.0,21688.0,24601.5,600.168,587.568,520.512,590.436,0.024
2023-01-24,ATPA,0.0,0.0,0.0,0.0,0.0,0.0,0.0,0.0,
2023-01-24,ATPPCH,0.0,0.0,0.0,0.0,0.0,0.0,0.0,0.0,
2023-01-24,ATWWP,416.0,127.0,2.0,544.0,9.984,3.048,0.048,13.056,0.024
2023-01-24,EEA,0.0,0.0,0.0,0.0,0.0,0.0,0.0,0.0,0.0048
2023-01-24,MAC,0.0,150.0,150.0,58.0,0.0,3.6,3.6,1.392,0.024
2023-01-24,MAHS,165.0,143.0,270.0,43.0,4.125,3.575,6.75,1.0750000000000002,0.025
2023-01-24,MAP,0.0,0.0,0.0,0.0,0.0,0.0,0.0,0.0,0.024
2023-01-24,MAPA,0.0,0.0,0.0,10.0,0.0,0.0,0.0,0.24,
2023-01-24,MAR,4938.001,5318.0,5985.0,4941.0,118.512024,127.632,143.64000000000001,118.584,0.024
2023-01-24,MASR,637.0,606.0,459.0,295.0,15.925,15.15,11.475,7.375,0.024999999999999998
2023-01-24,POP,7265.0,7456.0,8031.0,12762.0,84.17318,87.61843999999999,95.21148,144.43338,0.011710853313709932
2023-01-24,POPF,2636.0,2471.0,2134.0,2429.0,28.78512,26.98332,23.30328,26.52468,0.010920000000000001
2023-01-24,POV,12277.0,11434.0,14365.0,14867.0,148.59208,123.43422,178.26354,180.51670000000001,0.012466919805827077
2023-01-24,SE,5976.959083333333,4909.0,3505.0,4241.0,35.514004,29.242800000000003,20.634,25.0884,0.005905239895449729
2023-01-24,SO,0.0,0.0,0.0,0.0,0.0,0.0,0.0,0.0,0.01602519095869057
2023-01-24,SOP,1108.0,1108.0,1678.0,1185.9999999999995,12.23232,12.23232,18.52512,13.09344,0.011040000000000001
2023-01-24,SOS,157487.9999094203,161781.0,190181.0,157913.85881642514,2220.7732730000002,2296.96032,2685.7909600000003,2258.672648,0.014351356390307051
2023-01-31,AT,4331.4,4460.0,7400.0,4980.4,108.285,111.5,185.0,124.50999999999999,0.024999999999999998
2023-01-31,ATN,23410.838,23195.0,24300.0,22073.338,561.860112,556.68,583.2,529.760112,0.024
2023-01-31,ATPA,0.0,0.0,0.0,31.0,0.0,0.0,0.0,0.744,
2023-01-31,ATPPCH,0.0,0.0,0.0,10.0,0.0,0.0,0.0,0.25,
2023-01-31,ATWWP,340.88800000000003,158.0,0.0,232.5,8.181312,3.7920000000000003,0.0,5.58,0.024
2023-01-31,EEA,0.0,0.0,0.0,0.0,0.0,0.0,0.0,0.0,0.0048
2023-01-31,MAC,158.0,43.0,43.0,51.0,3.792,1.032,1.032,1.224,0.024
2023-01-31,MAHS,70.0,28.0,58.0,50.0,1.75,0.7,1.45,1.25,0.025
2023-01-31,MAP,0.0,0.0,0.0,0.0,0.0,0.0,0.0,0.0,0.024
2023-01-31,MAPA,0.0,0.0,0.0,0.0,0.0,0.0,0.0,0.0,
2023-01-31,MAR,6042.909,6321.0,5665.0,5842.409,145.029816,151.704,135.96,140.217816,0.024
2023-01-31,MASR,857.0,756.0,711.0,874.0,21.425,18.9,17.775,21.85,0.024999999999999998
2023-01-31,POP,11704.840934065935,16100.685,14712.0,29797.0,134.427103,184.20967292,173.0092,341.13208,0.011710853313709932
2023-01-31,POPF,1216.0,2376.5,2196.0,4147.0,13.27872,25.95138,23.980320000000003,45.28524,0.010920000000000001
2023-01-31,POV,19797.0,19369.75,24944.0,34197.0,244.2258,210.10626,301.92162,416.3341,0.012466919805827077
2023-01-31,SE,4806.413,5310.0,4816.0,5132.8330000000005,28.090878,31.067999999999998,28.3968,30.137694,0.005905239895449729
2023-01-31,SO,0.0,0.0,0.0,0.0,0.0,0.0,0.0,0.0,0.01602519095869057
2023-01-31,SOP,972.4990036231883,617.0,130.0,1438.4990036231884,10.736389,6.811680000000001,1.4352,15.881029000000002,0.011040000000000001
2023-01-31,SOS,210176.9089975845,212218.08299999998,150807.0,276195.3339975845,3035.573922,3041.87971632,2208.1196,3957.2162269999994,0.014351356390307051
2023-02-07,AT,7323.0,7918.0,5000.0,8281.0,183.075,197.95,125.0,207.025,0.024999999999999998
2023-02-07,ATN,20243.16,22248.0,18800.0,23157.66,485.83584,533.952,451.2,555.7838399999999,0.024
2023-02-07,ATPA,0.0,0.0,0.0,0.0,0.0,0.0,0.0,0.0,
2023-02-07,ATPPCH,0.0,0.0,0.0,0.0,0.0,0.0,0.0,0.0,
2023-02-07,ATWWP,107.0,1629.0,3245.0,298.0,2.5679999999999996,39.096,77.88,7.152,0.024
2023-02-07,EEA,0.0,0.0,0.0,0.0,0.0,0.0,0.0,0.0,0.0048
2023-02-07,MAC,35.0,0.0,0.0,30.0,0.84,0.0,0.0,0.72,0.024
2023-02-07,MAHS,172.0,213.0,220.0,228.0,4.3,5.325,5.5,5.7,0.025
2023-02-07,MAP,0.0,0.0,0.0,0.0,0.0,0.0,0.0,0.0,0.024
2023-02-07,MAPA,0.0,0.0,0.0,0.0,0.0,0.0,0.0,0.0,
2023-02-07,MAR,4942.16,3535.0,3875.0,5810.576999999999,118.61184,84.84,93.0,139.453848,0.024
2023-02-07,MASR,571.0,568.0,782.0,64.0,14.275,14.2,19.55,1.6,0.024999999999999998
2023-02-07,POP,12136.997008547009,14104.0,11371.0,13874.0,144.835551,170.08446,135.01124,162.90092,0.011710853313709932
2023-02-07,POPF,3620.0,3804.0,2547.0,2450.0,39.5304,41.53968,27.81324,26.753999999999998,0.010920000000000001
2023-02-07,POV,29951.0,34070.107,29858.0,29694.0,368.86122,370.69753266,370.73400000000004,363.19010000000003,0.012466919805827077
2023-02-07,SE,4731.0740000000005,4633.0,5216.0,6682.0,27.734844000000002,26.814,30.3312,39.2076,0.005905239895449729
2023-02-07,SO,0.0,0.0,0.0,0.0,0.0,0.0,0.0,0.0,0.01602519095869057
2023-02-07,SOP,70.0,60.0,699.0,1596.9999999999998,0.7727999999999999,0.6624000000000001,7.71696,17.63088,0.011040000000000001
2023-02-07,SOS,239907.00401570048,240518.834,259234.0,234092.07795893718,3490.365346,3475.68272736,3676.4304,3392.848591,0.014351356390307051
2023-02-14,AT,8064.0,7339.0,11000.0,8532.0,201.6,183.475,275.0,213.3,0.024999999999999998
2023-02-14,ATN,30419.023999999998,28579.0,37000.0,37700.12633333333,730.056576,685.896,888.0,904.8030319999999,0.024
2023-02-14,ATPA,0.0,0.0,0.0,0.0,0.0,0.0,0.0,0.0,
2023-02-14,ATPPCH,0.0,0.0,0.0,0.0,0.0,0.0,0.0,0.0,
2023-02-14,ATWWP,777.625,286.0,0.0,668.625,18.663,6.864,0.0,16.047,0.024
2023-02-14,EEA,0.6210416666666667,0.0,0.0,10.0,0.002981,0.0,0.0,0.054,0.0048
2023-02-14,MAC,50.0,80.0,80.0,60.0,1.2,1.92,1.92,1.44,0.024
2023-02-14,MAHS,161.0,164.0,163.0,228.0,4.025,4.1,4.075,5.699999999999999,0.025
2023-02-14,MAP,0.0,0.0,0.0,0.0,0.0,0.0,0.0,0.0,0.024
2023-02-14,MAPA,0.0,0.0,0.0,0.0,0.0,0.0,0.0,0.0,
2023-02-14,MAR,6419.499,7505.0,8707.0,6777.165,154.06797600000002,180.12,208.968,162.65196,0.024
2023-02-14,MASR,753.0,715.0,696.0,1075.0,18.825,17.875,17.4,26.875,0.024999999999999998
2023-02-14,POP,13143.157967032968,12045.0,13719.0,8266.0,157.309785,143.78,163.33226,96.65110000000001,0.011710853313709932
2023-02-14,POPF,1877.0000000000002,1684.0,1266.0,988.0,20.496840000000002,18.38928,13.82472,10.78896,0.010920000000000001
2023-02-14,POV,28358.0,28192.0,33925.0,18299.0,343.57414,306.00024,411.50563999999997,223.24848000000003,0.012466919805827077
2023-02-14,SE,6813.679,8180.0,10200.0,11430.666000000001,39.908874,48.432,60.24,67.291296,0.005905239895449729
2023-02-14,SO,0.0,0.0,0.0,0.0,0.0,0.0,0.0,0.0,0.01602519095869057
2023-02-14,SOP,1007.4160326086956,1006.0,1964.0,823.4990036231884,11.121872999999999,11.10624,21.682560000000002,9.091429,0.011040000000000001
2023-02-14,SOS,260464.99791666667,254857.114,252618.0,274437.1359601449,3743.747386,3657.96235128,3687.42992,3979.976092,0.014351356390307051
2023-02-21,AT,5787.0,5198.0,6000.0,4589.0,144.675,129.95,150.0,114.725,0.024999999999999998
2023-02-21,ATN,30392.774666666668,32453.162,29445.0,21802.54433333333,729.426592,778.875888,706.68,523.261064,0.024
2023-02-21,ATPA,0.0,0.0,0.0,0.0,0.0,0.0,0.0,0.0,
2023-02-21,ATPPCH,0.0,0.0,0.0,0.0,0.0,0.0,0.0,0.0,
2023-02-21,ATWWP,499.0,218.0,0.0,435.0,11.976,5.231999999999999,0.0,10.44,0.024
2023-02-21,EEA,0.0,0.0,0.0,0.0,0.0,0.0,0.0,0.0,0.0048
2023-02-21,MAC,30.0,0.0,0.0,0.0,0.72,0.0,0.0,0.0,0.024
2023-02-21,MAHS,171.0,145.0,98.0,61.0,4.275,3.625,2.45,1.525,0.025
2023-02-21,MAP,0.0,0.0,0.0,0.0,0.0,0.0,0.0,0.0,0.024
2023-02-21,MAPA,0.0,0.0,0.0,0.0,0.0,0.0,0.0,0.0,
2023-02-21,MAR,4974.336,4483.0,5288.0,4026.002,119.384064,107.592,126.912,96.624048,0.024
2023-02-21,MASR,770.0,854.0,994.0,700.0,19.25,21.35,24.85,17.5,0.024999999999999998
2023-02-21,POP,9980.0,12608.37,12517.0,7588.0,114.82016,142.3613919,139.44294,88.71226,0.011710853313709932
2023-02-21,POPF,750.0,1470.0,2781.0,540.0000000000001,8.19,16.0524,30.36852,5.896800000000001,0.010920000000000001
2023-02-21,POV,22095.0,20319.558,16727.0,15950.0,267.7948,221.79675336,202.59694,199.15532,0.012466919805827077
2023-02-21,SE,13709.5,13461.0,18020.0,9446.5,81.1038,79.5516,106.4976,55.5846,0.005905239895449729
2023-02-21,SO,0.0,0.0,0.0,11.999999999999998,0.0,0.0,0.0,0.16008,0.01602519095869057
2023-02-21,SOP,1411.0829710144926,1756.318,415.0,323.0,15.578356,19.38975072,4.581600000000001,3.56592,0.011040000000000001
2023-02-21,SOS,216819.0859299517,249096.969,265786.0,155999.2489130435,3132.6212050000004,3614.87560672,3861.01,2258.893464,0.014351356390307051
2023-02-28,AT,4940.8,4632.0,0.0,6017.8,123.52000000000001,115.8,0.0,150.445,0.024999999999999998
2023-02-28,ATN,24667.326333333334,24799.166,12532.0,24550.295666666665,592.015832,595.179984,300.768,589.207096,0.024
2023-02-28,ATPA,0.0,0.0,0.0,0.0,0.0,0.0,0.0,0.0,
2023-02-28,ATPPCH,0.0,0.0,0.0,0.0,0.0,0.0,0.0,0.0,
2023-02-28,ATWWP,566.24,215.0,31.0,855.21,13.58976,5.16,0.744,20.52504,0.024
2023-02-28,EEA,0.0,0.0,0.0,50.0,0.0,0.0,0.0,0.3,0.0048
2023-02-28,MAC,0.0,10.0,10.0,25.0,0.0,0.24,0.24,0.6,0.024
2023-02-28,MAHS,23.0,68.0,65.0,104.0,0.575,1.7,1.625,2.6,0.025
2023-02-28,MAP,0.0,0.0,0.0,0.0,0.0,0.0,0.0,0.0,0.024
2023-02-28,MAPA,0.0,0.0,0.0,0.0,0.0,0.0,0.0,0.0,
2023-02-28,MAR,6547.2080000000005,6452.0,3357.0,8059.2080000000005,157.132992,154.84799999999998,80.568,193.420992,0.024
2023-02-28,MASR,651.0,561.0,501.0,542.0,16.275,14.025,12.525,13.55,0.024999999999999998
2023-02-28,POP,16378.0,14044.0,14255.0,16077.0,188.17344,163.0447,166.80482,190.82336,0.011710853313709932
2023-02-28,POPF,1750.0,1335.0,1849.0,1370.0,19.11,14.5782,20.19108,14.9604,0.010920000000000001
2023-02-28,POV,23951.0,23937.673,22850.0,32360.0,303.76709999999997,259.03888374,282.72244,410.90686,0.012466919805827077
2023-02-28,SE,11996.42,12358.0,5857.0,10099.42,70.77852,72.822,34.4208,59.774519999999995,0.005905239895449729
2023-02-28,SO,0.0,0.0,0.0,0.0,0.0,0.0,0.0,0.0,0.01602519095869057
2023-02-28,SOP,681.9999999999999,475.0,472.0,299.5829710144927,7.52928,5.244,5.210880000000001,3.307396,0.011040000000000001
2023-02-28,SOS,207333.7589673913,224413.517,209444.0,244902.86289251206,3031.2862619999996,3252.05859048,3012.8932800000002,3570.1166890000004,0.014351356390307051
2023-03-07,AT,3439.8,2723.0,2125.0,2846.8,85.995,68.075,53.125,71.17,0.024999999999999998
2023-03-07,ATN,17126.001,13841.958,13584.0,14424.333999999999,411.024024,332.206992,326.016,346.184016,0.024
2023-03-07,ATPA,0.0,0.0,0.0,0.0,0.0,0.0,0.0,0.0,
2023-03-07,ATPPCH,0.0,0.0,0.0,0.0,0.0,0.0,0.0,0.0,
2023-03-07,ATWWP,591.97,369.0,0.0,478.0,14.20728,8.856,0.0,11.472000000000001,0.024
2023-03-07,EEA,0.0,0.0,0.0,0.0,0.0,0.0,0.0,0.0,0.0048
2023-03-07,MAC,10.0,25.0,25.0,70.0,0.24,0.6,0.6,1.68,0.024
2023-03-07,MAHS,197.0,190.0,200.0,137.0,4.925,4.75,5.0,3.425,0.025
2023-03-07,MAP,0.0,0.0,0.0,0.0,0.0,0.0,0.0,0.0,0.024
2023-03-07,MAPA,0.0,0.0,0.0,0.0,0.0,0.0,0.0,0.0,
2023-03-07,MAR,6001.4169999999995,6257.0,6773.0,5674.9169999999995,144.034008,150.168,162.552,136.198008,0.024
2023-03-07,MASR,337.0,293.0,294.0,228.0,8.425,7.325,7.3500000000000005,5.7,0.024999999999999998
2023-03-07,POP,14350.0,14426.0,16357.0,17833.0,167.4309,168.52472,191.24014,205.91116,0.011710853313709932
2023-03-07,POPF,1492.0000000000002,1471.0,1186.0,1121.0,16.292640000000002,16.06332,12.95112,12.241319999999998,0.010920000000000001
2023-03-07,POV,25011.0,24168.0,26355.0,37382.0,307.13956,251.85888,342.97172,449.43625999999995,0.012466919805827077
2023-03-07,SE,4736.583,3194.0,3222.0,4550.0830000000005,27.878298,18.9264,18.8496,26.796498,0.005905239895449729
2023-03-07,SO,0.0,0.0,0.0,0.0,0.0,0.0,0.0,0.0,0.01602519095869057
2023-03-07,SOP,199.0,205.0,1242.0,661.0,2.19696,2.2632,13.71168,7.29744,0.011040000000000001
2023-03-07,SOS,261307.32789855072,242655.0,238512.0,253351.21995772945,3798.665218,3526.9948000000004,3497.02856,3655.1581300000003,0.014351356390307051
2023-03-14,AT,2630.4,1830.0,1300.0,979.4,65.76,45.75,32.5,24.485,0.024999999999999998
2023-03-14,ATN,12105.093,11284.0,10895.0,13524.415,290.522232,270.81600000000003,261.48,324.58596,0.024
2023-03-14,ATPA,0.0,0.0,0.0,0.0,0.0,0.0,0.0,0.0,
2023-03-14,ATPPCH,0.0,0.0,0.0,0.0,0.0,0.0,0.0,0.0,
2023-03-14,ATWWP,281.08299999999997,279.0,0.0,470.24833333333333,6.745992,6.696,0.0,11.285960000000001,0.024
2023-03-14,EEA,0.0,0.0,0.0,0.0,0.0,0.0,0.0,0.0,0.0048
2023-03-14,MAC,25.0,0.0,0.0,0.0,0.6,0.0,0.0,0.0,0.024
2023-03-14,MAHS,466.0,902.0,906.0,410.0,11.65,22.55,22.65,10.25,0.025
2023-03-14,MAP,0.0,0.0,0.0,15.0,0.0,0.0,0.0,0.36,0.024
2023-03-14,MAPA,0.0,0.0,0.0,0.0,0.0,0.0,0.0,0.0,
2023-03-14,MAR,5660.959,6007.0,6693.0,5975.251,135.863016,144.168,160.632,143.406024,0.024
2023-03-14,MASR,434.0,433.0,202.0,734.0,10.85,10.825,5.05,18.35,0.024999999999999998
2023-03-14,POP,15606.0,18355.0,16442.0,16922.0,184.79916000000003,216.78566,193.51514,200.98077999999998,0.011710853313709932
2023-03-14,POPF,1656.0,1875.0,2157.0,2930.0,18.08352,20.475,23.55444,31.995599999999996,0.010920000000000001
2023-03-14,POV,45242.0,46575.0,49084.0,38253.0,560.12684,484.36752,593.36004,486.26396,0.012466919805827077
2023-03-14,SE,3747.666,3414.0,3832.0,3683.9990000000003,22.092396,19.98,22.392,21.578394,0.005905239895449729
2023-03-14,SO,0.890972222222222,0.0,0.0,40.0,0.014277999999999999,0.0,0.0,0.53176,0.01602519095869057
2023-03-14,SOP,1241.5839673913042,1627.0,976.0,979.3329710144925,13.707087,17.96208,10.775040000000002,10.811836,0.011040000000000001
2023-03-14,SOS,248170.7339673913,293554.0,300040.0,259116.77098429945,3594.1162660000005,4285.15944,4394.63944,3774.9930059999997,0.014351356390307051
2023-03-21,AT,1630.0,1430.0,1200.0,1116.0,40.75,35.75,30.0,27.900000000000002,0.024999999999999998
2023-03-21,ATN,11300.499,8423.0,12027.0,9657.419,271.211976,202.152,288.648,231.778056,0.024
2023-03-21,ATPA,0.0,0.0,0.0,0.0,0.0,0.0,0.0,0.0,
2023-03-21,ATPPCH,0.0,0.0,0.0,0.0,0.0,0.0,0.0,0.0,
2023-03-21,ATWWP,331.82,412.0,0.0,103.41666666666667,7.96368,9.888,0.0,2.482,0.024
2023-03-21,EEA,0.0,0.0,0.0,0.0,0.0,0.0,0.0,0.0,0.0048
2023-03-21,MAC,70.0,70.0,70.0,0.0,1.68,1.68,1.68,0.0,0.024
2023-03-21,MAHS,250.0,250.0,260.0,285.0,6.25,6.25,6.5,7.125,0.025
2023-03-21,MAP,0.0,15.0,15.0,0.0,0.0,0.36,0.36,0.0,0.024
2023-03-21,MAPA,0.0,0.0,0.0,0.0,0.0,0.0,0.0,0.0,
2023-03-21,MAR,5338.625,3923.0,3809.0,5298.166,128.127,94.152,91.416,127.155984,0.024
2023-03-21,MASR,429.0,240.0,270.0,384.0,10.725,6.0,6.75,9.6,0.024999999999999998
2023-03-21,POP,28138.00299145299,26915.0,26017.0,11036.0,324.154789,311.74052,302.54952,131.79166,0.011710853313709932
2023-03-21,POPF,2912.0,2770.0,1755.0,736.0,31.799039999999998,30.2484,19.1646,8.03712,0.010920000000000001
2023-03-21,POV,42171.0,44682.0,38885.0,38508.0,544.91892,479.31702,507.91104,504.45304,0.012466919805827077
2023-03-21,SE,3583.666,3310.0,2450.0,3433.5,20.751996000000002,19.176,14.4,19.8114,0.005905239895449729
2023-03-21,SO,0.0,0.0,0.0,0.0,0.0,0.0,0.0,0.0,0.01602519095869057
2023-03-21,SOP,813.9999999999999,513.0,944.0,458.0,8.98656,5.66352,10.42176,5.05632,0.011040000000000001
2023-03-21,SOS,248990.37792874395,278108.44,256276.0,208271.54984903382,3628.3044480000003,4044.9988864,3680.11224,3043.326806,0.014351356390307051
2023-03-28,AT,1066.0,810.0,0.0,4526.2,26.65,20.25,0.0,113.155,0.024999999999999998
2023-03-28,ATN,11750.218333333334,11672.666000000001,7007.0,10325.175333333333,282.00524,280.143984,168.168,247.804208,0.024
2023-03-28,ATPA,0.0,0.0,0.0,0.0,0.0,0.0,0.0,0.0,
2023-03-28,ATPPCH,0.0,0.0,0.0,0.0,0.0,0.0,0.0,0.0,
2023-03-28,ATWWP,66.389,40.0,0.0,54.38933333333333,1.5933359999999999,0.96,0.0,1.3053439999999998,0.024
2023-03-28,EEA,0.0,0.0,0.0,0.0,0.0,0.0,0.0,0.0,0.0048
2023-03-28,MAC,0.0,0.0,0.0,20.0,0.0,0.0,0.0,0.48,0.024
2023-03-28,MAHS,55.0,60.0,37.0,15.0,1.375,1.5,0.925,0.375,0.025
2023-03-28,MAP,15.0,0.0,0.0,0.0,0.36,0.0,0.0,0.0,0.024
2023-03-28,MAPA,0.0,0.0,0.0,0.0,0.0,0.0,0.0,0.0,
2023-03-28,MAR,5889.287,6416.666,6059.0,4723.704,141.342888,153.99998399999998,145.416,113.36889599999999,0.024
2023-03-28,MASR,247.0,111.0,166.0,630.0,6.175,2.775,4.15,15.75,0.024999999999999998
2023-03-28,POP,14445.0,24169.0,29079.0,14387.0,174.10666,278.4873,332.77972,174.1285,0.011710853313709932
2023-03-28,POPF,1898.0,1943.0,1514.0,2358.0,20.72616,21.21756,16.532880000000002,25.74936,0.010920000000000001
2023-03-28,POV,33559.0,38523.0,38257.0,27021.0,434.0791,399.79212,487.9056,350.3536399999999,0.012466919805827077
2023-03-28,SE,4203.329,4094.666,4517.0,4086.042,24.579174,23.939196,26.4372,24.275796,0.005905239895449729
2023-03-28,SO,0.0,0.0,0.0,14.999999999999998,0.0,0.0,0.0,0.22999999999999998,0.01602519095869057
2023-03-28,SOP,799.5829710144927,879.0,10.0,184.75,8.827395999999998,9.70416,0.1104,2.03964,0.011040000000000001
2023-03-28,SOS,186913.77324879228,215920.833,236785.0,175503.7652173913,2691.558137,3077.11295632,3307.76064,2520.333128,0.014351356390307051
2023-04-04,AT,5563.96,5660.0,7200.0,4392.4,139.099,141.5,180.0,109.81,0.024999999999999998
2023-04-04,ATN,15867.917,16224.0,17300.0,17256.998,380.830008,389.376,415.2,414.167952,0.024
2023-04-04,ATPA,0.0,0.0,0.0,0.0,0.0,0.0,0.0,0.0,
2023-04-04,ATPPCH,0.0,0.0,0.0,0.0,0.0,0.0,0.0,0.0,
2023-04-04,ATWWP,0.0,0.0,0.0,13.833666666666666,0.0,0.0,0.0,0.332008,0.024
2023-04-04,EEA,0.0,0.0,0.0,0.0,0.0,0.0,0.0,0.0,0.0048
2023-04-04,MAC,0.0,0.0,0.0,0.0,0.0,0.0,0.0,0.0,0.024
2023-04-04,MAHS,310.0,305.0,339.0,496.0,7.75,7.625,8.475,12.4,0.025
2023-04-04,MAP,0.0,0.0,0.0,0.0,0.0,0.0,0.0,0.0,0.024
2023-04-04,MAPA,0.0,0.0,0.0,0.0,0.0,0.0,0.0,0.0,
2023-04-04,MAR,6308.0830000000005,6440.0,6961.0,7235.29,151.393992,154.56,167.064,173.64695999999998,0.024
2023-04-04,MASR,542.0,636.0,561.0,552.0,13.55,15.9,14.025,13.8,0.024999999999999998
2023-04-04,POP,14616.0,17660.0,16976.0,14412.0,174.73274,208.62842,202.78986,173.4278,0.011710853313709932
2023-04-04,POPF,1311.0000000000002,1730.0,1974.0,908.0,14.316120000000002,18.8916,21.55608,9.91536,0.010920000000000001
2023-04-04,POV,33114.0,31984.0,33747.0,35745.0,422.53301999999996,337.75014,437.83922,456.00645999999995,0.012466919805827077
2023-04-04,SE,5906.3249166666665,7144.0,6887.0,6837.5410833333335,35.053957999999994,42.402,40.8696,40.576395999999995,0.005905239895449729
2023-04-04,SO,0.0,0.0,0.0,0.0,0.0,0.0,0.0,0.0,0.01602519095869057
2023-04-04,SOP,1234.8330615942027,1390.0,1537.0,1512.6660326086956,13.632557,15.345600000000001,16.96848,16.699832999999998,0.011040000000000001
2023-04-04,SOS,195269.22807971013,203796.0,195165.0,203448.83907004827,2759.883477,2821.20944,2753.42016,2879.713471,0.014351356390307051
2023-04-11,AT,8371.8,8841.0,7500.0,10747.0,209.29500000000002,221.02499999999998,187.5,268.675,0.024999999999999998
2023-04-11,ATN,22549.25,25161.0,27300.0,29552.118,541.182,603.8639999999999,655.2,709.250832,0.024
2023-04-11,ATPA,0.0,0.0,0.0,0.0,0.0,0.0,0.0,0.0,
2023-04-11,ATPPCH,0.0,0.0,0.0,0.0,0.0,0.0,0.0,0.0,
2023-04-11,ATWWP,0.0,0.0,0.0,44.0,0.0,0.0,0.0,1.056,0.024
2023-04-11,EEA,0.0,0.0,0.0,0.0,0.0,0.0,0.0,0.0,0.0048
2023-04-11,MAC,0.0,0.0,0.0,10.0,0.0,0.0,0.0,0.24,0.024
2023-04-11,MAHS,33.0,33.0,10.0,0.0,0.8250000000000001,0.825,0.25,0.0,0.025
2023-04-11,MAP,0.0,0.0,0.0,0.0,0.0,0.0,0.0,0.0,0.024
2023-04-11,MAPA,0.0,0.0,0.0,0.0,0.0,0.0,0.0,0.0,
2023-04-11,MAR,7659.534,8272.0,7725.0,9209.368,183.828816,198.528,185.4,221.024832,0.024
2023-04-11,MASR,778.0,980.0,1002.0,1060.0,19.450000000000003,24.5,25.05,26.5,0.024999999999999998
2023-04-11,POP,11059.0,10558.0,10560.0,12046.0,135.27332,129.90431999999998,124.29326,146.27886,0.011710853313709932
2023-04-11,POPF,469.0,50.0,0.0,567.0,5.12148,0.546,0.0,6.1916400000000005,0.010920000000000001
2023-04-11,POV,34133.0,30600.0,29490.0,32341.0,429.72566,331.79328,362.77878,405.98558,0.012466919805827077
2023-04-11,SE,6370.1669999999995,5801.0,6385.0,6523.66,37.811802,34.296,37.71,38.57676,0.005905239895449729
2023-04-11,SO,0.0,0.0,0.0,0.0,0.0,0.0,0.0,0.0,0.01602519095869057
2023-04-11,SOP,631.9999999999999,473.0,0.0,334.0,6.97728,5.221920000000001,0.0,3.68736,0.011040000000000001
2023-04-11,SOS,189671.13100845405,141263.157,134024.0,206833.19420289856,2654.620333,1972.10821512,1875.5377600000002,2937.48849,0.014351356390307051
2023-04-18,AT,5304.0,5176.0,8000.0,3546.0,132.6,129.4,200.0,88.65,0.024999999999999998
2023-04-18,ATN,14912.909,14174.0,16100.0,9776.667,357.90981600000003,340.17600000000004,386.4,234.640008,0.024
2023-04-18,ATPA,0.0,0.0,0.0,0.0,0.0,0.0,0.0,0.0,
2023-04-18,ATPPCH,0.0,0.0,0.0,0.0,0.0,0.0,0.0,0.0,
2023-04-18,ATWWP,0.0,0.0,0.0,21.0,0.0,0.0,0.0,0.504,0.024
2023-04-18,EEA,0.0,0.0,0.0,0.0,0.0,0.0,0.0,0.0,0.0048
2023-04-18,MAC,0.0,0.0,0.0,0.0,0.0,0.0,0.0,0.0,0.024
2023-04-18,MAHS,0.0,0.0,0.0,10.0,0.0,0.0,0.0,0.25,0.025
2023-04-18,MAP,0.0,0.0,0.0,0.0,0.0,0.0,0.0,0.0,0.024
2023-04-18,MAPA,0.0,0.0,0.0,0.0,0.0,0.0,0.0,0.0,
2023-04-18,MAR,3588.125,2275.0,4253.0,1431.0,86.11500000000001,54.599999999999994,102.072,34.344,0.024
2023-04-18,MASR,574.0,375.0,300.0,390.0,14.35,9.375,7.5,9.75,0.024999999999999998
2023-04-18,POP,5947.0,4202.0,4658.0,1647.0,67.14890000000001,46.61384,56.20342,19.20828,0.011710853313709932
2023-04-18,POPF,464.0,420.0,448.0,250.0,5.06688,4.5864,4.89216,2.73,0.010920000000000001
2023-04-18,POV,11905.0,12239.0,17822.0,5181.0,152.14108000000002,134.33238,238.39087999999998,66.69208,0.012466919805827077
2023-04-18,SE,2529.16,2375.0,3502.0,1595.0,14.88696,14.094,21.0096,9.4776,0.005905239895449729
2023-04-18,SO,0.0,0.0,0.0,0.0,0.0,0.0,0.0,0.0,0.01602519095869057
2023-04-18,SOP,79.99999999999999,0.0,506.0,130.0,0.8832,0.0,5.586240000000001,1.4352,0.011040000000000001
2023-04-18,SOS,66396.49803743961,64226.0,89135.0,27935.497010869563,941.0109440000001,944.00832,1301.9968800000001,385.542527,0.014351356390307051
2023-04-25,AT,8752.2,8844.0,5800.0,6635.0,218.805,221.1,145.0,165.875,0.024999999999999998
2023-04-25,ATN,27163.25,25862.0,21200.0,25378.25,651.918,620.688,508.8,609.078,0.024
2023-04-25,ATPA,0.0,0.0,0.0,0.0,0.0,0.0,0.0,0.0,
2023-04-25,ATPPCH,0.0,0.0,0.0,0.0,0.0,0.0,0.0,0.0,
2023-04-25,ATWWP,0.0,0.0,0.0,78.08333333333334,0.0,0.0,0.0,1.8739999999999999,0.024
2023-04-25,EEA,0.0,0.0,0.0,0.0,0.0,0.0,0.0,0.0,0.0048
2023-04-25,MAC,0.0,0.0,0.0,0.0,0.0,0.0,0.0,0.0,0.024
2023-04-25,MAHS,205.0,205.0,200.0,215.0,5.125,5.125,5.0,5.375,0.025
2023-04-25,MAP,0.0,0.0,0.0,0.0,0.0,0.0,0.0,0.0,0.024
2023-04-25,MAPA,0.0,0.0,0.0,0.0,0.0,0.0,0.0,0.0,
2023-04-25,MAR,4998.958,5884.0,4700.0,4521.9580000000005,119.974992,141.216,112.8,108.526992,0.024
2023-04-25,MASR,690.0,936.0,1253.0,861.0,17.25,23.4,31.325,21.525,0.024999999999999998
2023-04-25,POP,7759.0,8591.0,1493.0,12458.0,91.7462,104.72279999999999,24.457160000000002,144.41518,0.011710853313709932
2023-04-25,POPF,1013.9999999999999,795.0,0.0,1106.0,11.07288,8.6814,0.0,12.077519999999998,0.010920000000000001
2023-04-25,POV,15910.0,11301.0,1994.0,22004.0,199.35551999999998,131.08368,32.66172,273.99553999999995,0.012466919805827077
2023-04-25,SE,3718.75,3856.0,3001.0,3816.25,22.0833,22.8612,17.7648,22.5567,0.005905239895449729
2023-04-25,SO,0.0,0.0,0.0,0.0,0.0,0.0,0.0,0.0,0.01602519095869057
2023-04-25,SOP,254.0,205.0,0.0,310.0,2.80416,2.2632,0.0,3.4224,0.011040000000000001
2023-04-25,SOS,93819.66394927535,67562.999,12200.0,107471.1070048309,1345.888197,960.2407852800001,205.91072000000003,1522.360732,0.014351356390307051
2023-05-02,AT,10247.0,9941.0,13600.0,15640.8,256.175,248.525,340.0,391.02,0.024999999999999998
2023-05-02,ATN,38186.706,39161.0,41200.0,58424.04,916.480944,939.864,988.8,1402.17696,0.024
2023-05-02,ATPA,0.0,0.0,0.0,0.0,0.0,0.0,0.0,0.0,
2023-05-02,ATPPCH,0.0,0.0,0.0,0.0,0.0,0.0,0.0,0.0,
2023-05-02,ATWWP,98.0,1627.0,1810.0,383.082,2.352,39.048,43.44,9.193968,0.024
2023-05-02,EEA,0.0,0.0,0.0,60.0,0.0,0.0,0.0,0.36,0.0048
2023-05-02,MAC,30.0,30.0,30.0,48.0,0.72,0.72,0.72,1.152,0.024
2023-05-02,MAHS,12.0,17.0,50.0,177.0,0.3,0.425,1.25,4.425,0.025
2023-05-02,MAP,0.0,0.0,0.0,0.0,0.0,0.0,0.0,0.0,0.024
2023-05-02,MAPA,0.0,0.0,0.0,0.0,0.0,0.0,0.0,0.0,
2023-05-02,MAR,5862.457,6735.0,6304.0,8201.374,140.698968,161.64,151.296,196.832976,0.024
2023-05-02,MASR,782.0,742.0,595.0,746.0,19.55,18.55,14.875,18.65,0.024999999999999998
2023-05-02,POP,15401.829975579976,4725.0,6229.0,21530.0,176.128627,55.13508,84.24962000000001,248.92686,0.011710853313709932
2023-05-02,POPF,106.91602564102564,175.0,553.0,616.0,1.167523,1.911,6.03876,6.72672,0.010920000000000001
2023-05-02,POV,12839.0,14100.0,25470.0,27318.0,164.97754,155.53356,326.68636,345.95106000000004,0.012466919805827077
2023-05-02,SE,6388.924083333333,6641.0,8694.0,8550.374916666668,37.782736,39.294,51.331199999999995,50.6732,0.005905239895449729
2023-05-02,SO,0.0,0.0,0.0,0.0,0.0,0.0,0.0,0.0,0.01602519095869057
2023-05-02,SOP,435.0,270.0,0.0,450.25,4.8024000000000004,2.9808000000000003,0.0,4.97076,0.011040000000000001
2023-05-02,SOS,127517.46793478259,105129.774,127477.0,187704.61491545895,1848.9947690000001,1526.17689376,1862.85096,2687.910709,0.014351356390307051
2023-05-09,AT,11383.24,12577.0,12200.0,7345.0,284.581,314.425,305.0,183.625,0.024999999999999998
2023-05-09,ATN,40778.251000000004,47216.0,47900.0,26589.25,978.6780239999999,1133.184,1149.6,638.142,0.024
2023-05-09,ATPA,0.0,0.0,0.0,0.0,0.0,0.0,0.0,0.0,
2023-05-09,ATPPCH,0.0,0.0,0.0,0.0,0.0,0.0,0.0,0.0,
2023-05-09,ATWWP,558.1673333333333,113.0,0.0,602.0,13.396016,2.7119999999999997,0.0,14.448,0.024
2023-05-09,EEA,0.0,0.0,0.0,0.0,0.0,0.0,0.0,0.0,0.0048
2023-05-09,MAC,18.0,18.0,48.0,0.0,0.432,0.432,1.152,0.0,0.024
2023-05-09,MAHS,290.0,285.0,250.0,165.0,7.25,7.125,6.25,4.125,0.025
2023-05-09,MAP,0.0,0.0,0.0,0.0,0.0,0.0,0.0,0.0,0.024
2023-05-09,MAPA,0.0,0.0,0.0,0.0,0.0,0.0,0.0,0.0,
2023-05-09,MAR,5815.912,6369.0,7717.0,5421.0,139.581888,152.856,185.208,130.10399999999998,0.024
2023-05-09,MASR,485.0,552.0,500.0,487.0,12.125,13.8,12.5,12.175,0.024999999999999998
2023-05-09,POP,16361.0,16437.0,19782.0,12051.0,194.68358,199.56118,226.88484,143.73814,0.011710853313709932
2023-05-09,POPF,812.0,790.0,450.0,801.0,8.86704,8.6268,4.914,8.74692,0.010920000000000001
2023-05-09,POV,34694.0,37333.0,35217.0,20974.0,445.30304,401.24448,439.68106,272.2629,0.012466919805827077
2023-05-09,SE,6349.158916666667,6098.0,4853.0,3866.0,37.680962,36.2964,29.1084,22.956,0.005905239895449729
2023-05-09,SO,0.0,0.0,0.0,0.0,0.0,0.0,0.0,0.0,0.01602519095869057
2023-05-09,SOP,350.0,400.0,810.0,500.0,3.864,4.416,8.942400000000001,5.5200000000000005,0.011040000000000001
2023-05-09,SOS,175789.95398550725,237813.443,231428.0,117238.44196859904,2518.1333320000003,3424.46446344,3359.18864,1697.6502140000002,0.014351356390307051
2023-05-16,AT,6086.2,5592.0,3300.0,4689.2,152.155,139.8,82.5,117.22999999999999,0.024999999999999998
2023-05-16,ATN,25216.625,24021.0,24000.0,24609.042,605.199,576.504,576.0,590.617008,0.024
2023-05-16,ATPA,0.0,0.0,0.0,0.0,0.0,0.0,0.0,0.0,
2023-05-16,ATPPCH,0.0,0.0,0.0,0.0,0.0,0.0,0.0,0.0,
2023-05-16,ATWWP,959.25,147.416,0.0,865.167,23.022000000000002,3.537984,0.0,20.764008,0.024
2023-05-16,EEA,0.0,0.0,0.0,0.0,0.0,0.0,0.0,0.0,0.0048
2023-05-16,MAC,0.0,0.0,0.0,0.0,0.0,0.0,0.0,0.0,0.024
2023-05-16,MAHS,22.0,22.0,17.0,120.0,0.55,0.55,0.425,3.0,0.025
2023-05-16,MAP,0.0,0.0,0.0,0.0,0.0,0.0,0.0,0.0,0.024
2023-05-16,MAPA,0.0,0.0,0.0,0.0,0.0,0.0,0.0,0.0,
2023-05-16,MAR,4425.9169999999995,4621.0,3513.0,4389.084,106.222008,110.90400000000001,84.312,105.33801600000001,0.024
2023-05-16,MASR,493.0,371.0,329.0,334.0,12.325,9.275,8.225,8.35,0.024999999999999998
2023-05-16,POP,12753.0,12644.0,10843.0,8595.0,153.6899,151.41308,130.24102,102.04012,0.011710853313709932
2023-05-16,POPF,738.9999999999999,1322.0,1924.0,485.0,8.06988,14.43624,21.01008,5.296200000000001,0.010920000000000001
2023-05-16,POV,23553.0,21154.0,20013.0,18903.0,294.6307,236.2815,256.4198,235.4443,0.012466919805827077
2023-05-16,SE,4104.507083333333,3436.0,3011.0,4130.667083333334,24.381034,20.326800000000002,17.6928,24.401002,0.005905239895449729
2023-05-16,SO,0.0,0.0,0.0,0.0,0.0,0.0,0.0,0.0,0.01602519095869057
2023-05-16,SOP,748.9170289855074,515.0,252.0,802.9999999999999,8.268044,5.6856,2.782080000000001,8.865120000000001,0.011040000000000001
2023-05-16,SOS,103542.57998188405,131457.0,116524.0,96095.84897342994,1485.173419,1909.8500800000002,1653.13696,1367.122559,0.014351356390307051
2023-05-23,AT,3681.0,3676.0,3300.0,3262.0,92.025,91.9,82.5,81.55000000000001,0.024999999999999998
2023-05-23,ATN,18048.583,17945.0,17500.0,16060.0,433.16599199999996,430.68,420.0,385.44,0.024
2023-05-23,ATPA,0.0,0.0,0.0,0.0,0.0,0.0,0.0,0.0,
2023-05-23,ATPPCH,0.0,0.0,0.0,0.0,0.0,0.0,0.0,0.0,
2023-05-23,ATWWP,250.25033333333334,65.0,0.0,248.0,6.006008,1.56,0.0,5.952,0.024
2023-05-23,EEA,0.0,0.0,0.0,0.0,0.0,0.0,0.0,0.0,0.0048
2023-05-23,MAC,30.0,30.0,200.0,150.0,0.72,0.72,4.8,3.6,0.024
2023-05-23,MAHS,163.0,663.0,614.0,170.0,4.075,16.575,15.35,4.25,0.025
2023-05-23,MAP,0.0,0.0,0.0,0.0,0.0,0.0,0.0,0.0,0.024
2023-05-23,MAPA,0.0,0.0,0.0,0.0,0.0,0.0,0.0,0.0,
2023-05-23,MAR,3693.167,3455.0,2900.0,3980.166,88.636008,82.92,69.6,95.523984,0.024
2023-05-23,MASR,411.0,350.0,200.0,419.0,10.275,8.75,5.0,10.475,0.024999999999999998
2023-05-23,POP,8106.170024420025,7453.0,5597.0,6608.0,96.254393,87.8878,65.65468,78.94796,0.011710853313709932
2023-05-23,POPF,650.0839743589743,210.0,503.0,325.0,7.098916999999998,2.2931999999999997,5.49276,3.5490000000000004,0.010920000000000001
2023-05-23,POV,17650.0,15661.0,10302.0,15749.0,217.54824,173.34954,126.21154,193.0292,0.012466919805827077
2023-05-23,SE,3430.084,3681.0,2673.0,3292.0,20.243304,21.858,15.81,19.566,0.005905239895449729
2023-05-23,SO,0.0,0.0,0.0,0.0,0.0,0.0,0.0,0.0,0.01602519095869057
2023-05-23,SOP,423.9999999999999,480.0,726.0,498.9999999999999,4.680960000000001,5.299200000000001,8.01504,5.50896,0.011040000000000001
2023-05-23,SOS,78593.29103260869,52571.0,61411.0,69019.8800120773,1103.896493,718.3728000000001,844.8231200000001,974.4748930000001,0.014351356390307051
2023-05-30,AT,1591.0,1173.0,3058.0,1531.6,39.775,29.325,76.45,38.29,0.024999999999999998
2023-05-30,ATN,11514.709,10939.0,9325.0,11680.083,276.353016,262.536,223.8,280.321992,0.024
2023-05-30,ATPA,0.0,0.0,0.0,0.0,0.0,0.0,0.0,0.0,
2023-05-30,ATPPCH,0.0,0.0,0.0,0.0,0.0,0.0,0.0,0.0,
2023-05-30,ATWWP,113.11700000000002,1580.0,2189.0,395.41666666666674,2.714808,37.92,52.536,9.49,0.024
2023-05-30,EEA,0.0,0.0,0.0,0.0,0.0,0.0,0.0,0.0,0.0048
2023-05-30,MAC,150.0,150.0,0.0,0.0,3.6,3.6,0.0,0.0,0.024
2023-05-30,MAHS,160.0,162.0,161.0,53.0,4.0,4.05,4.025,1.325,0.025
2023-05-30,MAP,0.0,0.0,0.0,0.0,0.0,0.0,0.0,0.0,0.024
2023-05-30,MAPA,0.0,0.0,0.0,0.0,0.0,0.0,0.0,0.0,
2023-05-30,MAR,3947.2079999999996,3672.0,2536.0,3682.749,94.732992,88.128,60.864,88.385976,0.024
2023-05-30,MASR,484.0,455.0,500.0,610.0,12.1,11.375,12.5,15.25,0.024999999999999998
2023-05-30,POP,7083.0,5045.0,2832.0,7919.0,84.21868,58.73322,32.95474,95.30794,0.011710853313709932
2023-05-30,POPF,282.0,170.0,0.0,333.0,3.07944,1.8564,0.0,3.63636,0.010920000000000001
2023-05-30,POV,12187.0,10245.0,6462.0,15838.0,149.12534,109.13448,75.25699999999999,193.97378,0.012466919805827077
2023-05-30,SE,2528.5,2375.0,2510.0,3688.2470000000003,15.027,14.0076,14.82,21.921582,0.005905239895449729
2023-05-30,SO,0.0,0.0,0.0,0.0,0.0,0.0,0.0,0.0,0.01602519095869057
2023-05-30,SOP,539.0,525.0,304.0,490.66702898550716,5.95056,5.796,3.35616,5.416964,0.011040000000000001
2023-05-30,SOS,86650.12699275362,51998.0,35994.0,115539.47699275363,1230.076141,723.8652000000001,480.48472000000004,1662.0734570000002,0.014351356390307051
2023-06-06,AT,3592.0,814.0,2700.0,3588.0,89.8,20.35,67.5,89.7,0.024999999999999998
2023-06-06,ATN,19437.415666666668,9243.0,18100.0,18329.416666666668,466.497976,221.832,434.4,439.906,0.024
2023-06-06,ATPA,0.0,0.0,0.0,0.0,0.0,0.0,0.0,0.0,
2023-06-06,ATPPCH,0.0,0.0,0.0,0.0,0.0,0.0,0.0,0.0,
2023-06-06,ATWWP,766.9663333333333,125.0,0.0,644.7083333333334,18.407192,3.0,0.0,15.473,0.024
2023-06-06,EEA,0.0,0.0,0.0,0.0,0.0,0.0,0.0,0.0,0.0048
2023-06-06,MAC,0.0,20.0,0.0,20.0,0.0,0.48,0.0,0.48,0.024
2023-06-06,MAHS,77.0,50.0,610.0,87.0,1.925,1.25,15.25,2.175,0.025
2023-06-06,MAP,0.0,0.0,0.0,0.0,0.0,0.0,0.0,0.0,0.024
2023-06-06,MAPA,0.0,0.0,0.0,0.0,0.0,0.0,0.0,0.0,
2023-06-06,MAR,5408.707,2839.0,5705.0,4969.0,129.808968,68.136,136.92000000000002,119.256,0.024
2023-06-06,MASR,358.0,220.0,443.0,831.0,8.95,5.5,11.075,20.775,0.024999999999999998
2023-06-06,POP,7624.0,3668.0,7150.0,9216.0,89.36928,42.09842,90.23014,109.65863999999999,0.011710853313709932
2023-06-06,POPF,299.9160256410256,200.0,600.0,469.0,3.275083,2.184,6.552,5.12148,0.010920000000000001
2023-06-06,POV,14548.0,6521.0,14740.0,18491.0,178.97334,72.38322,192.7198,227.0996,0.012466919805827077
2023-06-06,SE,4197.9130000000005,2762.0,4716.0,3250.0,24.894678000000003,16.3032,28.0368,19.136400000000002,0.005905239895449729
2023-06-06,SO,0.0,0.0,0.0,0.0,0.0,0.0,0.0,0.0,0.01602519095869057
2023-06-06,SOP,406.0,317.0,609.0,513.0,4.48224,3.49968,6.7233600000000004,5.66352,0.011040000000000001
2023-06-06,SOS,117048.828955314,50068.0,94207.0,140250.16500603865,1719.888428,735.60072,1333.5712800000001,2039.538778,0.014351356390307051
2023-06-13,AT,3320.8,2054.0,2880.0,4169.0,83.02000000000001,51.35,72.0,104.225,0.024999999999999998
2023-06-13,ATN,24712.791333333334,15844.0,22300.0,29928.338333333333,593.106992,380.256,535.2,718.28012,0.024
2023-06-13,ATPA,0.0,0.0,0.0,0.0,0.0,0.0,0.0,0.0,
2023-06-13,ATPPCH,0.0,0.0,0.0,0.0,0.0,0.0,0.0,0.0,
2023-06-13,ATWWP,661.1306666666667,158.0,0.0,835.3389999999999,15.867136,3.792,0.0,20.048136,0.024
2023-06-13,EEA,0.0,0.0,0.0,0.0,0.0,0.0,0.0,0.0,0.0048
2023-06-13,MAC,0.0,0.0,0.0,17.0,0.0,0.0,0.0,0.408,0.024
2023-06-13,MAHS,98.0,628.0,348.0,305.0,2.45,15.7,8.7,7.625,0.025
2023-06-13,MAP,0.0,0.0,0.0,0.0,0.0,0.0,0.0,0.0,0.024
2023-06-13,MAPA,0.0,0.0,0.0,0.0,0.0,0.0,0.0,0.0,
2023-06-13,MAR,6433.964,5457.0,6078.0,7806.294,154.415136,130.968,145.872,187.351056,0.024
2023-06-13,MASR,460.0,810.0,811.0,1325.0,11.5,20.25,20.275,33.125,0.024999999999999998
2023-06-13,POP,12084.0,12103.0,17852.0,17117.0,143.57252,147.29623999999998,211.91898,202.63516,0.011710853313709932
2023-06-13,POPF,1068.0,900.0,1448.0,2409.0,11.662560000000001,9.828,15.81216,26.30628,0.010920000000000001
2023-06-13,POV,21351.0,22935.0,26283.0,24923.0,261.2246,247.38168,311.28734,309.09606,0.012466919805827077
2023-06-13,SE,4052.67,3703.0,4201.0,5198.960916666667,23.915219999999998,21.84,24.724800000000002,30.822416000000004,0.005905239895449729
2023-06-13,SO,0.0,0.0,0.0,0.0,0.0,0.0,0.0,0.0,0.01602519095869057
2023-06-13,SOP,627.25,644.0,810.0,544.2499999999999,6.92484,7.10976,8.9424,6.00852,0.011040000000000001
2023-06-13,SOS,160157.72506038647,160731.888,217949.0,159684.875,2259.90459,2247.69430528,3034.11216,2294.2872580000003,0.014351356390307051
2023-06-20,AT,4353.0,3792.0,3900.0,3869.0,108.82499999999999,94.8,97.5,96.725,0.024999999999999998
2023-06-20,ATN,31706.344,27652.0,26000.0,28500.130333333334,760.952256,663.648,624.0,684.003128,0.024
2023-06-20,ATPA,0.0,0.0,0.0,0.0,0.0,0.0,0.0,0.0,
2023-06-20,ATPPCH,0.0,0.0,0.0,0.0,0.0,0.0,0.0,0.0,
2023-06-20,ATWWP,590.0029999999999,120.0,0.0,625.0,14.160072,2.88,0.0,15.0,0.024
2023-06-20,EEA,0.0,0.0,0.0,0.0,0.0,0.0,0.0,0.0,0.0048
2023-06-20,MAC,49.0,0.0,0.0,42.0,1.176,0.0,0.0,1.008,0.024
2023-06-20,MAHS,344.0,770.0,630.0,161.0,8.6,19.25,15.75,4.025,0.025
2023-06-20,MAP,0.0,0.0,0.0,0.0,0.0,0.0,0.0,0.0,0.024
2023-06-20,MAPA,0.0,0.0,0.0,0.0,0.0,0.0,0.0,0.0,
2023-06-20,MAR,9239.877,8294.0,7903.0,9161.547,221.75704799999997,199.05599999999998,189.672,219.877128,0.024
2023-06-20,MASR,1121.0,620.0,955.0,677.0,28.025000000000002,15.5,23.875,16.925,0.024999999999999998
2023-06-20,POP,19740.99700854701,19944.0,20326.0,15596.0,232.348431,233.88273999999998,236.40344,182.74438,0.011710853313709932
2023-06-20,POPF,1730.0839743589743,1650.0,500.0,1472.0,18.892516999999998,18.018,5.46,16.074240000000003,0.010920000000000001
2023-06-20,POV,41621.88998778999,38543.0,41172.0,35676.99999999999,506.524218,413.81886,497.89376,437.20586,0.012466919805827077
2023-06-20,SE,6362.0,5269.25,5303.0,5325.0,37.8072,31.374299999999998,31.4544,31.616400000000002,0.005905239895449729
2023-06-20,SO,0.0,0.0,0.0,0.0,0.0,0.0,0.0,0.0,0.01602519095869057
2023-06-20,SOP,802.0,665.0,300.0,607.0,8.85408,7.3416000000000015,3.312,6.701280000000001,0.011040000000000001
2023-06-20,SOS,181703.0819746377,191848.101,188478.0,169946.53897946858,2581.757093,2704.27244624,2647.6367200000004,2441.953413,0.014351356390307051
2023-06-27,AT,846.0,440.0,400.0,2345.0,21.15,11.0,10.0,58.625,0.024999999999999998
2023-06-27,ATN,5568.6849999999995,2660.0,5030.0,10384.185000000001,133.64844,63.84,120.72,249.22044000000002,0.024
2023-06-27,ATPA,0.0,0.0,0.0,0.0,0.0,0.0,0.0,0.0,
2023-06-27,ATPPCH,0.0,0.0,0.0,0.0,0.0,0.0,0.0,0.0,
2023-06-27,ATWWP,73.30266666666665,0.0,0.0,92.29166666666666,1.759264,0.0,0.0,2.215,0.024
2023-06-27,EEA,0.0,0.0,0.0,0.0,0.0,0.0,0.0,0.0,0.0048
2023-06-27,MAC,0.0,0.0,0.0,0.0,0.0,0.0,0.0,0.0,0.024
2023-06-27,MAHS,51.0,16.0,55.0,0.0,1.275,0.4,1.375,0.0,0.025
2023-06-27,MAP,0.0,0.0,0.0,0.0,0.0,0.0,0.0,0.0,0.024
2023-06-27,MAPA,0.0,0.0,0.0,0.0,0.0,0.0,0.0,0.0,
2023-06-27,MAR,1277.7,235.0,2854.0,2989.7,30.6648,5.64,68.496,71.7528,0.024
2023-06-27,MASR,0.0,100.0,0.0,12.0,0.0,2.5,0.0,0.3,0.024999999999999998
2023-06-27,POP,3538.0,1509.0,2.0,4264.0,40.849900000000005,18.5003,0.02184,52.36868,0.011710853313709932
2023-06-27,POPF,449.0,100.0,0.0,349.0,4.90308,1.092,0.0,3.8110800000000005,0.010920000000000001
2023-06-27,POV,5406.0,3473.0,523.0,6729.0,67.42554,40.68792,8.56856,83.76004,0.012466919805827077
2023-06-27,SE,1041.367,205.0,1079.0,1787.2,6.179802,1.23,6.474,10.6236,0.005905239895449729
2023-06-27,SO,0.0,0.0,0.0,0.0,0.0,0.0,0.0,0.0,0.01602519095869057
2023-06-27,SOP,22.0,70.0,0.0,165.0,0.24288,0.7727999999999999,0.0,1.8216,0.011040000000000001
2023-06-27,SOS,32034.806944444448,13765.0,9675.0,41676.83297101449,463.992275,209.35152000000002,158.36696,603.3290039999999,0.014351356390307051
2023-07-04,AT,6339.4,6778.0,5800.0,5940.4,158.485,169.45,145.0,148.51,0.024999999999999998
2023-07-04,ATN,35967.960333333336,39418.0,35600.0,33668.623999999996,863.231048,946.032,854.4,808.046976,0.024
2023-07-04,ATPA,0.0,0.0,0.0,0.0,0.0,0.0,0.0,0.0,
2023-07-04,ATPPCH,0.0,0.0,0.0,0.0,0.0,0.0,0.0,0.0,
2023-07-04,ATWWP,63.025,26.0,0.0,110.46000000000001,1.5126,0.624,0.0,2.65104,0.024
2023-07-04,EEA,0.0,0.0,0.0,0.0,0.0,0.0,0.0,0.0,0.0048
2023-07-04,MAC,25.0,45.0,45.0,25.0,0.6,1.08,1.08,0.6,0.024
2023-07-04,MAHS,273.0,291.0,240.0,297.0,6.825,7.2749999999999995,6.0,7.425,0.025
2023-07-04,MAP,0.0,0.0,0.0,0.0,0.0,0.0,0.0,0.0,0.024
2023-07-04,MAPA,0.0,0.0,0.0,0.0,0.0,0.0,0.0,0.0,
2023-07-04,MAR,8924.202,11300.0,8933.0,7292.869,214.180848,271.2,214.392,175.028856,0.024
2023-07-04,MASR,494.0,550.0,540.0,859.0,12.35,13.75,13.5,21.475,0.024999999999999998
2023-07-04,POP,11233.0,11562.0,11763.0,15649.0,133.63896,132.85454,136.3908,185.90572,0.011710853313709932
2023-07-04,POPF,453.0,399.0,1221.0,613.0,4.94676,4.35708,13.33332,6.69396,0.010920000000000001
2023-07-04,POV,26585.11001221001,29275.0,30888.0,32512.0,327.73830200000003,311.14356,384.58602,407.589,0.012466919805827077
2023-07-04,SE,6465.8330000000005,6840.0,6923.0,6618.040916666667,38.235798,40.512,40.7904,39.009596,0.005905239895449729
2023-07-04,SO,0.0,0.0,0.0,0.0,0.0,0.0,0.0,0.0,0.01602519095869057
2023-07-04,SOP,584.1700181159421,535.0,1179.0,972.170018115942,6.449237,5.9064,13.016160000000003,10.732757,0.011040000000000001
2023-07-04,SOS,134930.58300120773,100807.0,88817.0,145656.98592995168,1971.191665,1483.22952,1349.64552,2110.472466,0.014351356390307051
2023-07-11,AT,4123.6,4175.0,5000.0,3346.4,103.09,104.375,125.0,83.66,0.024999999999999998
2023-07-11,ATN,28644.084000000003,28428.0,30684.0,27984.128666666667,687.4580159999999,682.2719999999999,736.416,671.619088,0.024
2023-07-11,ATPA,0.0,0.0,0.0,0.0,0.0,0.0,0.0,0.0,
2023-07-11,ATPPCH,0.0,0.0,0.0,0.0,0.0,0.0,0.0,0.0,
2023-07-11,ATWWP,600.517,1804.0,2117.0,437.291,14.412408,43.296,50.808,10.494983999999999,0.024
2023-07-11,EEA,0.0,0.0,0.0,0.0,0.0,0.0,0.0,0.0,0.0048
2023-07-11,MAC,22.0,2.0,1.0,10.0,0.528,0.048,0.024,0.24,0.024
2023-07-11,MAHS,141.0,117.0,109.0,257.0,3.5250000000000004,2.925,2.725,6.425,0.025
2023-07-11,MAP,0.0,0.0,0.0,0.0,0.0,0.0,0.0,0.0,0.024
2023-07-11,MAPA,0.0,0.0,0.0,0.0,0.0,0.0,0.0,0.0,
2023-07-11,MAR,4845.417,3831.0,4453.0,4378.04,116.290008,91.944,106.872,105.07296000000001,0.024
2023-07-11,MASR,653.0,450.0,519.0,518.0,16.325,11.25,12.975,12.95,0.024999999999999998
2023-07-11,POP,12342.0,10532.0,9702.0,9047.0,142.92642,122.53696,112.16114,105.39438,0.011710853313709932
2023-07-11,POPF,637.0,1006.0,505.0,1683.0,6.95604,10.985520000000001,5.514600000000001,18.37836,0.010920000000000001
2023-07-11,POV,24554.0,20059.0,20004.0,15740.000000000002,305.47243999999995,227.9277,244.15482,194.36144000000002,0.012466919805827077
2023-07-11,SE,4790.083,5434.0,4323.0,5013.420083333333,28.288098,32.118,25.6704,29.77552,0.005905239895449729
2023-07-11,SO,0.0,0.0,0.0,0.0,0.0,0.0,0.0,0.0,0.01602519095869057
2023-07-11,SOP,961.0,1143.0,662.0,503.6700181159419,10.60944,12.618720000000001,7.308479999999999,5.560517,0.011040000000000001
2023-07-11,SOS,125403.16096014493,131103.0,142608.0,122526.69402173914,1804.583619,1897.9048000000003,2047.7783200000001,1801.0885930000002,0.014351356390307051
2023-07-18,AT,5040.0,5458.0,4500.0,8147.0,126.0,136.45,112.5,203.67499999999998,0.024999999999999998
2023-07-18,ATN,34010.458333333336,36392.0,34977.0,42551.666666666664,816.251,873.408,839.448,1021.24,0.024
2023-07-18,ATPA,0.0,0.0,0.0,0.0,0.0,0.0,0.0,0.0,
2023-07-18,ATPPCH,0.0,0.0,0.0,0.0,0.0,0.0,0.0,0.0,
2023-07-18,ATWWP,579.862,96.0,0.0,762.0,13.916688,2.304,0.0,18.288,0.024
2023-07-18,EEA,0.0,0.0,0.0,0.0,0.0,0.0,0.0,0.0,0.0048
2023-07-18,MAC,0.0,78.0,78.0,65.0,0.0,1.872,1.872,1.56,0.024
2023-07-18,MAHS,263.0,821.0,873.0,341.0,6.575,20.525,21.825,8.525,0.025
2023-07-18,MAP,0.0,0.0,0.0,0.0,0.0,0.0,0.0,0.0,0.024
2023-07-18,MAPA,0.0,0.0,0.0,0.0,0.0,0.0,0.0,0.0,
2023-07-18,MAR,5486.29,6285.0,6200.0,6244.0,131.67096,150.84,148.8,149.856,0.024
2023-07-18,MASR,815.0,980.0,1098.0,1066.0,20.375,24.5,27.45,26.65,0.024999999999999998
2023-07-18,POP,15210.0,15578.0,16490.0,14073.0,177.87588,185.99126,193.37864,162.31124,0.011710853313709932
2023-07-18,POPF,1912.9999999999995,1582.0,1761.0,802.9999999999999,20.889959999999995,17.27544,19.23012,8.76876,0.010920000000000001
2023-07-18,POV,23955.0,26978.0,26958.0,24502.0,305.72542,319.70484,351.15808,303.09916,0.012466919805827077
2023-07-18,SE,5427.087083333334,5761.0,5700.0,4837.0,32.165422,34.162800000000004,33.6,28.5912,0.005905239895449729
2023-07-18,SO,0.0,0.0,0.0,0.0,0.0,0.0,0.0,0.0,0.01602519095869057
2023-07-18,SOP,421.670018115942,344.0,618.0,705.0,4.655237,3.79776,6.82272,7.783199999999999,0.011040000000000001
2023-07-18,SOS,128368.7449879227,156224.0,135487.0,115427.57998188406,1871.3029390000004,2303.56224,2009.1935200000003,1662.0011230000002,0.014351356390307051
2023-07-25,AT,7766.0,7586.0,9000.0,4388.0,194.15,189.64999999999998,225.0,109.69999999999999,0.024999999999999998
2023-07-25,ATN,43226.583333333336,43661.0,46800.0,27771.121666666666,1037.4379999999999,1047.864,1123.2,666.50692,0.024
2023-07-25,ATPA,0.0,0.0,0.0,0.0,0.0,0.0,0.0,0.0,
2023-07-25,ATPPCH,0.0,0.0,0.0,0.0,0.0,0.0,0.0,0.0,
2023-07-25,ATWWP,411.97,43.0,0.0,233.0,9.88728,1.032,0.0,5.5920000000000005,0.024
2023-07-25,EEA,0.0,0.0,0.0,0.0,0.0,0.0,0.0,0.0,0.0048
2023-07-25,MAC,83.0,5.0,5.0,0.0,1.992,0.12,0.12,0.0,0.024
2023-07-25,MAHS,448.0,600.0,620.0,585.0,11.2,15.0,15.5,14.625,0.025
2023-07-25,MAP,440.0,463.0,490.0,465.0,10.56,11.112,11.76,11.16,0.024
2023-07-25,MAPA,0.0,0.0,0.0,0.0,0.0,0.0,0.0,0.0,
2023-07-25,MAR,5907.75,5055.0,6600.0,3874.0,141.786,121.32,158.4,92.976,0.024
2023-07-25,MASR,1404.0,1227.0,1384.0,1152.0,35.1,30.675,34.6,28.8,0.024999999999999998
2023-07-25,POP,21128.0,20731.0,22311.0,21501.0,245.34146,239.27357999999998,256.29422,245.04662000000002,0.011710853313709932
2023-07-25,POPF,946.0,891.0,814.0,905.0,10.33032,9.72972,8.88888,9.8826,0.010920000000000001
2023-07-25,POV,39015.0,38297.0,40247.0,36162.99999999999,482.47836,424.20378,496.5233,444.07271999999995,0.012466919805827077
2023-07-25,SE,4297.0,3761.0,4100.0,2670.0,25.4724,22.3668,24.6,15.8604,0.005905239895449729
2023-07-25,SO,0.0,0.0,0.0,0.0,0.0,0.0,0.0,0.0,0.01602519095869057
2023-07-25,SOP,628.0,616.0,202.0,196.0,6.93312,6.8006400000000005,2.230080000000001,2.16384,0.011040000000000001
2023-07-25,SOS,141456.77397342992,152910.0,173980.0,129075.25,2012.068803,2181.7524000000003,2511.30192,1826.0610800000002,0.014351356390307051
2023-08-01,AT,2314.2,2714.0,1301.0,2535.4,57.855,67.85,32.525,63.385000000000005,0.024999999999999998
2023-08-01,ATN,17706.122,21033.0,11828.0,21050.79533333333,424.946928,504.79200000000003,283.872,505.219088,0.024
2023-08-01,ATPA,0.0,0.0,0.0,0.0,0.0,0.0,0.0,0.0,
2023-08-01,ATPPCH,0.0,0.0,0.0,0.0,0.0,0.0,0.0,0.0,
2023-08-01,ATWWP,332.291,111.0,0.0,684.749,7.974984,2.6639999999999997,0.0,16.433975999999998,0.024
2023-08-01,EEA,0.0,0.0,0.0,0.0,0.0,0.0,0.0,0.0,0.0048
2023-08-01,MAC,0.0,0.0,60.0,60.0,0.0,0.0,1.44,1.44,0.024
2023-08-01,MAHS,477.0,792.0,796.0,127.0,11.925,19.8,19.9,3.175,0.025
2023-08-01,MAP,23.0,0.0,0.0,10.0,0.552,0.0,0.0,0.24,0.024
2023-08-01,MAPA,0.0,0.0,0.0,0.0,0.0,0.0,0.0,0.0,
2023-08-01,MAR,4290.253,3910.0,1700.0,5346.003,102.966072,93.84,40.8,128.304072,0.024
2023-08-01,MASR,803.0,1102.0,850.0,2016.0,20.075,27.55,21.25,50.400000000000006,0.024999999999999998
2023-08-01,POP,13237.00098901099,14150.0,14688.0,11371.0,151.134638,162.15472,167.56558,132.4687,0.011710853313709932
2023-08-01,POPF,1036.0,848.0,2260.0,1535.0,11.313119999999998,9.26016,24.6792,16.7622,0.010920000000000001
2023-08-01,POV,19802.0,20215.0,21620.0,19438.000000000004,243.94552,226.21872,276.0758,242.41854000000004,0.012466919805827077
2023-08-01,SE,3496.75,3292.0,2180.0,4932.209083333333,20.7381,19.416,12.744,29.189704,0.005905239895449729
2023-08-01,SO,0.0,0.0,0.0,0.0,0.0,0.0,0.0,0.0,0.01602519095869057
2023-08-01,SOP,263.0829710144927,215.0,504.0,576.9129528985507,2.9044359999999996,2.3736,5.564160000000001,6.369119,0.011040000000000001
2023-08-01,SOS,104935.42195048308,125784.0,99759.0,119696.46702898551,1501.476549,1846.7160000000001,1438.9628,1685.818054,0.014351356390307051
2023-08-08,AT,220.0,125.0,0.0,0.0,5.5,3.125,0.0,0.0,0.024999999999999998
2023-08-08,ATN,886.0,196.0,0.0,0.0,21.264000000000003,4.704000000000001,0.0,0.0,0.024
2023-08-08,ATPA,0.0,0.0,0.0,0.0,0.0,0.0,0.0,0.0,
2023-08-08,ATPPCH,0.0,0.0,0.0,0.0,0.0,0.0,0.0,0.0,
2023-08-08,ATWWP,36.0,25.0,0.0,0.0,0.864,0.6,0.0,0.0,0.024
2023-08-08,EEA,0.0,0.0,0.0,0.0,0.0,0.0,0.0,0.0,0.0048
2023-08-08,MAC,0.0,0.0,0.0,0.0,0.0,0.0,0.0,0.0,0.024
2023-08-08,MAHS,0.0,0.0,0.0,0.0,0.0,0.0,0.0,0.0,0.025
2023-08-08,MAP,0.0,0.0,0.0,0.0,0.0,0.0,0.0,0.0,0.024
2023-08-08,MAPA,0.0,0.0,0.0,0.0,0.0,0.0,0.0,0.0,
2023-08-08,MAR,217.0,20.0,0.0,0.0,5.208,0.48,0.0,0.0,0.024
2023-08-08,MASR,488.0,400.0,60.0,0.0,12.2,10.0,1.5,0.0,0.024999999999999998
2023-08-08,POP,830.0,750.0,1207.0,0.0,9.35298,8.2992,13.18044,0.0,0.011710853313709932
2023-08-08,POPF,0.0,0.0,41.0,0.0,0.0,0.0,0.44772,0.0,0.010920000000000001
2023-08-08,POV,1012.9999999999999,1533.0,1404.0,0.0,13.205919999999999,17.01336,15.33168,0.0,0.012466919805827077
2023-08-08,SE,212.0,50.0,0.0,0.0,1.272,0.3,0.0,0.0,0.005905239895449729
2023-08-08,SO,0.0,0.0,0.0,0.0,0.0,0.0,0.0,0.0,0.01602519095869057
2023-08-08,SOP,10.0,0.0,0.0,0.0,0.1104,0.0,0.0,0.0,0.011040000000000001
2023-08-08,SOS,4399.0,4224.0,3853.0,0.0,65.56288,60.03552,42.53712,0.0,0.014351356390307051
